KB5Ib;fizq;BRJX
XU3NW;Love;kcav
CLO3q;DFq6;AGxg
h2KSJ;pf13;9tfz
oYNRt;A1PM;m6aB
DuB60;Zjr2;jbVY
JcnNN;lawl;Qb6u
imBST;Ky4g;MdOM
Y2S48;pf13;9tfz
T2Liv;FISH;P6Hr
QOgVW;mShn;lUJJ
5nkWd;G0zU;H8MH
UuuAm;KTHB;vjHr
sMIv1;sFSW;SjSR
cQCKa;FISH;P6Hr
Ohf5O;nBMo;ANPI
mLpXz;SzCM;GtYS
E9Z5V;1X2v;H29h
Qez2w;JY2P;GHST
vBzf9;gXTZ;ITFj
MR6EX;YXmJ;4KMp
Daxet;ul5E;cH9M
4u8iW;pf13;9tfz
RXUrX;DFq6;AGxg
mlk8K;sFSW;SjSR
IKdZL;Love;kcav
UHUIS;DFq6;AGxg
O71ts;A1PM;m6aB
ipR2s;RqsY;nt1R
frrYZ;7PCcm;Krent
YxApO;HnBI;lBBv
a4fmt;7PCcm;Krent
0y3kr;pjpP;KMga
OpVzd;Tl5FD;Bj9rh
AANwp;A0iF;QA05
nEoew;Qcy0w;VTUzg
2sl5l;98LPj;TpkAd
lfWBD;YnYv;8Tlb
1wgyH;jIUO;BE3h
rtnLo;zInE0;BOO
P6U4T;DfuL;c8kM
ngS7o;rbOSB;IhugU
pFUPl;R44x;aEhG
9VCyC;ZqZj;ZG9n
9LqHa;RqsY;nt1R
kVIc2;Tl5FD;Bj9rh
ZAM4F;cHdfc;Sandy
qnF0w;lunar;Match
XpDit;RDXS;D7if
zxEW5;n1G53;roll4
XNlev;8abPs;aXB8O
bRNdK;cHdfc;Sandy
pjDIw;sZDM4;2isnt
PPrxY;IKtGa;afMnL
5FfLB;snoow;7Ltvy
6b4Du;Qcy0w;VTUzg
LX08N;AkaiI;zQGEn
W3Jwm;o7kk;3tqg
KSIxe;Mlts;4p5g
xywXM;SzCM;GtYS
EEXhV;mdCF;HAEc
dIe4J;BomgC;QSSsF
91JWo;Zpds;Ikqm
qPaho;purpl;Djog5
OuAU9;RN88M;yummy
y1ePh;4i50M;choco
KDgKL;sFSW;SjSR
4V7FB;grlnd;3even
GcKox;VAMPS;KPT8S
BIEOm;f4Lb;o2HG
5eot0;3vp64;vortx
S8B7e;cASrh;jsM1d
F6Ime;5IOZj;cSxFL
Dp9Em;x5Bq;7xvD
cvjt3;ZBk5N;NOICE
VqdfT;chLaD;T43t
aBojn;iA4YL;Frgtn
DJUU6;Bread;ahkVi
V4Cmm;iaAWK;mKkIO
yj0za;IpIW;JgwA
6PnWg;1V6KD;ZTJsh
drvRl;yyysY;Wrpng
YVjku;gk4rw;Holly
zOIKe;1bxQ;nb7nn
0tB0L;PTgB;Vt2y
3qlfT;KTHB;vjHr
HgxbV;G0zU;H8MH
OSM1L;gk4rw;Holly
9P80h;snoow;7Ltvy
jaqAm;RN88M;yummy
1ne30;GltCH;RUSOI