mdCF,HAEc
PTgB,Vt2y
BAG5,QbKx
RDXS,D7if
KTHB,vjHr
pf13,9tfz
lawl,Qb6u
4onv,hbds
f4Lb,o2HG
jagc,8IlA
SzCM,GtYS
R44x,aEhG
G0zU,H8MH
DFq6,AGxg
BcRM,8hb2
fizq,BRJX
x5Bq,7xvD
IpIW,JgwA
sFSW,SjSR
YnYv,8Tlb
Zjr2,jbVY
pjpP,KMga
o7kk,3tqg
ZqZj,ZG9n
Zpds,Ikqm
Mlts,4p5g
RqsY,nt1R
1X2v,H29h
3SRr,cndy
FISH,P6Hr
Love,kcav
A1PM,m6aB
HnBI,lBBv
YXmJ,4KMp
Ky4g,MdOM
gXTZ,ITFj
jIUO,BE3h
JY2P,GHST
A0iF,QA05
Felz,Hppy
ul5E,cH9M
nBMo,ANPI
DfuL,c8kM
mShn,lUJJ
BomgC,QSSsF
i1jF,Wu7c
spMqJ,Arco
8abPs,aXB8O
Tl5FD,Bj9rh
7PCcm,Krent
cHdfc,Sandy
4i50M,choco
Qcy0w,VTUzg
Cooke,VFBT
1bxQ,nb7nn
gk4rw,Holly
yyysY,Wrpng
9EHR,fv9ON
AkaiI,zQGEn
CP3g9,0UcJ6
1V6KD,ZTJsh
Delay,7mBZI
ZBk5N,NOICE
Fight,sAKpk
grlnd,3even
MLs9Z,FLAKE
zInE0,BOO
rbOSB,IhugU
Lov4U,rePRa
lunar,Match
n1G53,roll4
purpl,Djog5
iaAWK,mKkIO
98LPj,TpkAd
GXA6y,vYL2h
RN88M,yummy
IKtGa,afMnL
mrry,lDI4w
beeMy,TdVYK
0lKtx,Messy
Fstvl,Ns3Oy
chLaD,T43t
vwCkh,3idD9
5IOZj,cSxFL
cASrh,jsM1d
sZDM4,2isnt
3vp64,vortx
GltCH,RUSOI
DF5D6,fulOf
VAMPS,KPT8S
Bread,ahkVi
SVsKO,Agift
J0j9v,fstvs
0Wy3D,prtty
snoow,7Ltvy
iA4YL,Frgtn
Candy,rAs5K
stalk,2iXB8